[
  {
    "id": "1274",
    "number": "3",
    "task": "DB: Übung 2 (Semantisches Schema Teil 1)",
    "Username": "ajaksc2s",
    "creation_date": "2023-10-30 12:54:13.948375",
    "testupload": false,
    "accepted": false,
    "warnings": false,
    "plagiarism": false,
    "final": false,
    "Tests_Failed": true,
    "Latest_of_Only_Failed": true
  },
  {
    "id": "104",
    "number": "1",
    "task": "DB: Übung 1 (Diskursbereich)",
    "Username": "abuchn2s",
    "creation_date": "2023-10-11 17:04:05.595454",
    "testupload": false,
    "accepted": false,
    "warnings": false,
    "plagiarism": false,
    "final": false,
    "Tests_Failed": true,
    "Latest_of_Only_Failed": true
  },
  {
    "id": "114",
    "number": "3",
    "task": "DB: Übung 1 (Diskursbereich)",
    "Username": "dpuck2s",
    "creation_date": "2023-10-12 08:02:34.703839",
    "testupload": false,
    "accepted": false,
    "warnings": false,
    "plagiarism": false,
    "final": false,
    "Tests_Failed": true,
    "Latest_of_Only_Failed": true
  },
  {
    "id": "130",
    "number": "1",
    "task": "DB: Übung 1 (Diskursbereich)",
    "Username": "aberis2s",
    "creation_date": "2023-10-12 13:12:17.041366",
    "testupload": false,
    "accepted": false,
    "warnings": false,
    "plagiarism": false,
    "final": false,
    "Tests_Failed": true,
    "Latest_of_Only_Failed": true
  },
  {
    "id": "212",
    "number": "1",
    "task": "DB: Übung 1 (Diskursbereich)",
    "Username": "sgrudi2s",
    "creation_date": "2023-10-14 10:03:40.365877",
    "testupload": false,
    "accepted": false,
    "warnings": false,
    "plagiarism": false,
    "final": false,
    "Tests_Failed": true,
    "Latest_of_Only_Failed": true
  },
  {
    "id": "348",
    "number": "3",
    "task": "DB: Übung 1 (Diskursbereich)",
    "Username": "mshkar2s",
    "creation_date": "2023-10-16 12:18:55.162245",
    "testupload": false,
    "accepted": false,
    "warnings": false,
    "plagiarism": false,
    "final": false,
    "Tests_Failed": true,
    "Latest_of_Only_Failed": true
  },
  {
    "id": "1347",
    "number": "8",
    "task": "DB: Übung 2 (Semantisches Schema Teil 1)",
    "Username": "mtjuka2s",
    "creation_date": "2023-10-30 17:26:30.370980",
    "testupload": false,
    "accepted": false,
    "warnings": false,
    "plagiarism": false,
    "final": false,
    "Tests_Failed": true,
    "Latest_of_Only_Failed": true
  },
  {
    "id": "530",
    "number": "3",
    "task": "DB: Übung 1 (Diskursbereich)",
    "Username": "euzunt2s",
    "creation_date": "2023-10-17 16:00:03.252495",
    "testupload": false,
    "accepted": false,
    "warnings": false,
    "plagiarism": false,
    "final": false,
    "Tests_Failed": true,
    "Latest_of_Only_Failed": true
  },
  {
    "id": "457",
    "number": "6",
    "task": "DB: Übung 1 (Diskursbereich)",
    "Username": "yaltin2s",
    "creation_date": "2023-10-16 21:25:52.198012",
    "testupload": false,
    "accepted": false,
    "warnings": false,
    "plagiarism": false,
    "final": false,
    "Tests_Failed": true,
    "Latest_of_Only_Failed": true
  },
  {
    "id": "544",
    "number": "3",
    "task": "DB: Übung 1 (Diskursbereich)",
    "Username": "dsayfi2s",
    "creation_date": "2023-10-17 17:28:24.708482",
    "testupload": false,
    "accepted": false,
    "warnings": false,
    "plagiarism": false,
    "final": false,
    "Tests_Failed": true,
    "Latest_of_Only_Failed": true
  },
  {
    "id": "578",
    "number": "3",
    "task": "DB: Übung 1 (Diskursbereich)",
    "Username": "vcordo2s",
    "creation_date": "2023-10-17 18:39:11.492249",
    "testupload": false,
    "accepted": false,
    "warnings": false,
    "plagiarism": false,
    "final": false,
    "Tests_Failed": true,
    "Latest_of_Only_Failed": true
  },
  {
    "id": "583",
    "number": "11",
    "task": "DB: Übung 1 (Diskursbereich)",
    "Username": "lschwe2s",
    "creation_date": "2023-10-17 18:52:32.246245",
    "testupload": false,
    "accepted": false,
    "warnings": false,
    "plagiarism": false,
    "final": false,
    "Tests_Failed": true,
    "Latest_of_Only_Failed": true
  },
  {
    "id": "606",
    "number": "7",
    "task": "DB: Übung 1 (Diskursbereich)",
    "Username": "cweiss2s",
    "creation_date": "2023-10-17 21:18:20.323260",
    "testupload": false,
    "accepted": false,
    "warnings": false,
    "plagiarism": false,
    "final": false,
    "Tests_Failed": true,
    "Latest_of_Only_Failed": true
  },
  {
    "id": "624",
    "number": "2",
    "task": "DB: Übung 1 (Diskursbereich)",
    "Username": "tfarns2s",
    "creation_date": "2023-10-17 22:25:24.266089",
    "testupload": false,
    "accepted": false,
    "warnings": false,
    "plagiarism": false,
    "final": false,
    "Tests_Failed": true,
    "Latest_of_Only_Failed": true
  },
  {
    "id": "645",
    "number": "7",
    "task": "DB: Übung 1 (Diskursbereich)",
    "Username": "bhoda2s",
    "creation_date": "2023-10-17 23:04:50.459389",
    "testupload": false,
    "accepted": false,
    "warnings": false,
    "plagiarism": false,
    "final": false,
    "Tests_Failed": true,
    "Latest_of_Only_Failed": true
  },
  {
    "id": "676",
    "number": "6",
    "task": "DB: Übung 1 (Diskursbereich)",
    "Username": "zkerim2s",
    "creation_date": "2023-10-17 23:55:02.387344",
    "testupload": false,
    "accepted": false,
    "warnings": false,
    "plagiarism": false,
    "final": false,
    "Tests_Failed": true,
    "Latest_of_Only_Failed": true
  },
  {
    "id": "681",
    "number": "8",
    "task": "DB: Übung 1 (Diskursbereich)",
    "Username": "mkoch12s",
    "creation_date": "2023-10-18 00:19:42.289235",
    "testupload": false,
    "accepted": false,
    "warnings": false,
    "plagiarism": false,
    "final": false,
    "Tests_Failed": true,
    "Latest_of_Only_Failed": true
  },
  {
    "id": "1472",
    "number": "5",
    "task": "DB: Übung 2 (Semantisches Schema Teil 1)",
    "Username": "nergue2s",
    "creation_date": "2023-10-31 02:28:26.008874",
    "testupload": false,
    "accepted": false,
    "warnings": false,
    "plagiarism": false,
    "final": false,
    "Tests_Failed": true,
    "Latest_of_Only_Failed": true
  },
  {
    "id": "1504",
    "number": "1",
    "task": "DB: Übung 2 (Semantisches Schema Teil 1)",
    "Username": "jschue2s",
    "creation_date": "2023-10-31 12:06:52.869147",
    "testupload": false,
    "accepted": false,
    "warnings": false,
    "plagiarism": false,
    "final": false,
    "Tests_Failed": true,
    "Latest_of_Only_Failed": true
  },
  {
    "id": "1552",
    "number": "5",
    "task": "DB: Übung 2 (Semantisches Schema Teil 1)",
    "Username": "lhalli2s",
    "creation_date": "2023-10-31 17:26:07.619774",
    "testupload": false,
    "accepted": false,
    "warnings": false,
    "plagiarism": false,
    "final": false,
    "Tests_Failed": true,
    "Latest_of_Only_Failed": true
  },
  {
    "id": "947",
    "number": "1",
    "task": "DB: Übung 2 (Semantisches Schema Teil 1)",
    "Username": "aalakr2s",
    "creation_date": "2023-10-26 23:09:40.644762",
    "testupload": false,
    "accepted": false,
    "warnings": false,
    "plagiarism": false,
    "final": false,
    "Tests_Failed": true,
    "Latest_of_Only_Failed": true
  },
  {
    "id": "1048",
    "number": "1",
    "task": "DB: Übung 2 (Semantisches Schema Teil 1)",
    "Username": "jabbas2s",
    "creation_date": "2023-10-27 23:33:36.305973",
    "testupload": false,
    "accepted": false,
    "warnings": false,
    "plagiarism": false,
    "final": false,
    "Tests_Failed": true,
    "Latest_of_Only_Failed": true
  },
  {
    "id": "1124",
    "number": "11",
    "task": "DB: Übung 2 (Semantisches Schema Teil 1)",
    "Username": "ckahnt2s",
    "creation_date": "2023-10-29 12:26:12.384385",
    "testupload": false,
    "accepted": false,
    "warnings": false,
    "plagiarism": false,
    "final": false,
    "Tests_Failed": true,
    "Latest_of_Only_Failed": true
  },
  {
    "id": "1155",
    "number": "22",
    "task": "DB: Übung 2 (Semantisches Schema Teil 1)",
    "Username": "mcumba2s",
    "creation_date": "2023-10-29 16:41:39.241884",
    "testupload": false,
    "accepted": false,
    "warnings": false,
    "plagiarism": false,
    "final": false,
    "Tests_Failed": true,
    "Latest_of_Only_Failed": true
  },
  {
    "id": "1194",
    "number": "4",
    "task": "DB: Übung 2 (Semantisches Schema Teil 1)",
    "Username": "ahajj2s",
    "creation_date": "2023-10-29 18:47:13.173110",
    "testupload": false,
    "accepted": false,
    "warnings": false,
    "plagiarism": false,
    "final": false,
    "Tests_Failed": true,
    "Latest_of_Only_Failed": true
  },
  {
    "id": "1174",
    "number": "5",
    "task": "DB: Übung 2 (Semantisches Schema Teil 1)",
    "Username": "vabbas2s",
    "creation_date": "2023-10-29 17:44:39.614380",
    "testupload": false,
    "accepted": false,
    "warnings": false,
    "plagiarism": false,
    "final": false,
    "Tests_Failed": true,
    "Latest_of_Only_Failed": true
  },
  {
    "id": "1180",
    "number": "1",
    "task": "DB: Übung 2 (Semantisches Schema Teil 1)",
    "Username": "hwittm2s",
    "creation_date": "2023-10-29 18:03:45.659824",
    "testupload": false,
    "accepted": false,
    "warnings": false,
    "plagiarism": false,
    "final": false,
    "Tests_Failed": true,
    "Latest_of_Only_Failed": true
  },
  {
    "id": "1465",
    "number": "14",
    "task": "DB: Übung 2 (Semantisches Schema Teil 1)",
    "Username": "vcordo2s",
    "creation_date": "2023-10-31 00:41:18.535868",
    "testupload": false,
    "accepted": false,
    "warnings": false,
    "plagiarism": false,
    "final": false,
    "Tests_Failed": true,
    "Latest_of_Only_Failed": true
  },
  {
    "id": "1523",
    "number": "8",
    "task": "DB: Übung 2 (Semantisches Schema Teil 1)",
    "Username": "bhoda2s",
    "creation_date": "2023-10-31 15:05:39.850605",
    "testupload": false,
    "accepted": false,
    "warnings": false,
    "plagiarism": false,
    "final": false,
    "Tests_Failed": true,
    "Latest_of_Only_Failed": true
  },
  {
    "id": "1641",
    "number": "18",
    "task": "DB: Übung 2 (Semantisches Schema Teil 1)",
    "Username": "cweiss2s",
    "creation_date": "2023-10-31 22:05:35.890582",
    "testupload": false,
    "accepted": false,
    "warnings": false,
    "plagiarism": false,
    "final": false,
    "Tests_Failed": true,
    "Latest_of_Only_Failed": true
  },
  {
    "id": "1801",
    "number": "9",
    "task": "DB: Übung 2 (Semantisches Schema Teil 1)",
    "Username": "mschne2m",
    "creation_date": "2023-11-03 09:32:04.563559",
    "testupload": false,
    "accepted": false,
    "warnings": false,
    "plagiarism": false,
    "final": false,
    "Tests_Failed": true,
    "Latest_of_Only_Failed": true
  },
  {
    "id": "7251",
    "number": "3",
    "task": "DB: Übung 5 (Physisches Schema)",
    "Username": "pstrun2s",
    "creation_date": "2023-12-12 19:41:16.780608",
    "testupload": false,
    "accepted": false,
    "warnings": false,
    "plagiarism": false,
    "final": false,
    "Tests_Failed": true,
    "Latest_of_Only_Failed": true
  },
  {
    "id": "7404",
    "number": "8",
    "task": "DB: Übung 5 (Physisches Schema)",
    "Username": "atheva2s",
    "creation_date": "2023-12-13 00:04:24.671896",
    "testupload": false,
    "accepted": false,
    "warnings": false,
    "plagiarism": false,
    "final": false,
    "Tests_Failed": true,
    "Latest_of_Only_Failed": true
  },
  {
    "id": "3538",
    "number": "5",
    "task": "DB: Übung 4 (Logisches Schema)",
    "Username": "sgrudi2s",
    "creation_date": "2023-11-17 11:45:32.901480",
    "testupload": false,
    "accepted": false,
    "warnings": false,
    "plagiarism": false,
    "final": false,
    "Tests_Failed": true,
    "Latest_of_Only_Failed": true
  },
  {
    "id": "7343",
    "number": "3",
    "task": "DB: Übung 5 (Physisches Schema)",
    "Username": "kmai2s",
    "creation_date": "2023-12-12 23:00:01.105229",
    "testupload": false,
    "accepted": false,
    "warnings": false,
    "plagiarism": false,
    "final": false,
    "Tests_Failed": true,
    "Latest_of_Only_Failed": true
  },
  {
    "id": "7381",
    "number": "11",
    "task": "DB: Übung 5 (Physisches Schema)",
    "Username": "mkhali2s",
    "creation_date": "2023-12-12 23:42:22.938176",
    "testupload": false,
    "accepted": false,
    "warnings": false,
    "plagiarism": false,
    "final": false,
    "Tests_Failed": true,
    "Latest_of_Only_Failed": true
  },
  {
    "id": "4542",
    "number": "1",
    "task": "DB: Übung 4 (Logisches Schema)",
    "Username": "nouroa2s",
    "creation_date": "2023-11-19 14:04:23.841424",
    "testupload": false,
    "accepted": false,
    "warnings": false,
    "plagiarism": false,
    "final": false,
    "Tests_Failed": true,
    "Latest_of_Only_Failed": true
  },
  {
    "id": "7310",
    "number": "13",
    "task": "DB: Übung 5 (Physisches Schema)",
    "Username": "sreut12s",
    "creation_date": "2023-12-12 21:44:29.914379",
    "testupload": false,
    "accepted": false,
    "warnings": false,
    "plagiarism": false,
    "final": false,
    "Tests_Failed": true,
    "Latest_of_Only_Failed": true
  },
  {
    "id": "7313",
    "number": "12",
    "task": "DB: Übung 5 (Physisches Schema)",
    "Username": "rheide2s",
    "creation_date": "2023-12-12 21:49:57.889977",
    "testupload": false,
    "accepted": false,
    "warnings": false,
    "plagiarism": false,
    "final": false,
    "Tests_Failed": true,
    "Latest_of_Only_Failed": true
  },
  {
    "id": "7314",
    "number": "24",
    "task": "DB: Übung 5 (Physisches Schema)",
    "Username": "tnguy22s",
    "creation_date": "2023-12-12 21:55:18.025474",
    "testupload": false,
    "accepted": false,
    "warnings": false,
    "plagiarism": false,
    "final": false,
    "Tests_Failed": true,
    "Latest_of_Only_Failed": true
  },
  {
    "id": "7422",
    "number": "9",
    "task": "DB: Übung 5 (Physisches Schema)",
    "Username": "aalbok2s",
    "creation_date": "2023-12-13 00:34:12.637717",
    "testupload": false,
    "accepted": false,
    "warnings": false,
    "plagiarism": false,
    "final": false,
    "Tests_Failed": true,
    "Latest_of_Only_Failed": true
  },
  {
    "id": "7234",
    "number": "1",
    "task": "DB: Übung 5 (Physisches Schema)",
    "Username": "mtjuka2s",
    "creation_date": "2023-12-12 18:32:44.684119",
    "testupload": false,
    "accepted": false,
    "warnings": false,
    "plagiarism": false,
    "final": false,
    "Tests_Failed": true,
    "Latest_of_Only_Failed": true
  },
  {
    "id": "5802",
    "number": "4",
    "task": "DB: Übung 4 (Logisches Schema)",
    "Username": "kgaugl2s",
    "creation_date": "2023-11-21 16:29:37.618323",
    "testupload": false,
    "accepted": false,
    "warnings": false,
    "plagiarism": false,
    "final": false,
    "Tests_Failed": true,
    "Latest_of_Only_Failed": true
  },
  {
    "id": "7394",
    "number": "13",
    "task": "DB: Übung 5 (Physisches Schema)",
    "Username": "lhalli2s",
    "creation_date": "2023-12-12 23:55:24.498716",
    "testupload": false,
    "accepted": false,
    "warnings": false,
    "plagiarism": false,
    "final": false,
    "Tests_Failed": true,
    "Latest_of_Only_Failed": true
  },
  {
    "id": "7395",
    "number": "19",
    "task": "DB: Übung 5 (Physisches Schema)",
    "Username": "mnjenk2s",
    "creation_date": "2023-12-12 23:57:06.550832",
    "testupload": false,
    "accepted": false,
    "warnings": false,
    "plagiarism": false,
    "final": false,
    "Tests_Failed": true,
    "Latest_of_Only_Failed": true
  },
  {
    "id": "7326",
    "number": "13",
    "task": "DB: Übung 5 (Physisches Schema)",
    "Username": "aalnaj2s",
    "creation_date": "2023-12-12 22:27:23.232564",
    "testupload": false,
    "accepted": false,
    "warnings": false,
    "plagiarism": false,
    "final": false,
    "Tests_Failed": true,
    "Latest_of_Only_Failed": true
  },
  {
    "id": "7399",
    "number": "6",
    "task": "DB: Übung 5 (Physisches Schema)",
    "Username": "cweiss2s",
    "creation_date": "2023-12-12 23:59:44.377296",
    "testupload": false,
    "accepted": false,
    "warnings": false,
    "plagiarism": false,
    "final": false,
    "Tests_Failed": true,
    "Latest_of_Only_Failed": true
  },
  {
    "id": "6736",
    "number": "2",
    "task": "DB: Übung 5 (Physisches Schema)",
    "Username": "tkato2s",
    "creation_date": "2023-12-09 12:40:28.668429",
    "testupload": false,
    "accepted": false,
    "warnings": false,
    "plagiarism": false,
    "final": false,
    "Tests_Failed": true,
    "Latest_of_Only_Failed": true
  },
  {
    "id": "6887",
    "number": "1",
    "task": "DB: Übung 5 (Physisches Schema)",
    "Username": "sgrudi2s",
    "creation_date": "2023-12-10 22:29:21.482432",
    "testupload": false,
    "accepted": false,
    "warnings": false,
    "plagiarism": false,
    "final": false,
    "Tests_Failed": true,
    "Latest_of_Only_Failed": true
  },
  {
    "id": "7093",
    "number": "17",
    "task": "DB: Übung 5 (Physisches Schema)",
    "Username": "tdinsp2s",
    "creation_date": "2023-12-12 10:36:46.425986",
    "testupload": false,
    "accepted": false,
    "warnings": false,
    "plagiarism": false,
    "final": false,
    "Tests_Failed": true,
    "Latest_of_Only_Failed": true
  }
]
